{
 
  "parent": "item/generated",
  "display": {
    "thirdperson_righthand": {
      "rotation": [ 0, -90, 55 ],
      "translation": [ 0, 4.0, 0.5 ],
      "scale": [ 0.9, 0.9, 0.9 ]
    },
    "thirdperson_lefthand": {
      "rotation": [ 0, 90, -55 ],
      "translation": [ 0, 4.0, 0.5 ],
      "scale": [ 0.9, 0.9, 0.9 ]
    },
    "firstperson_righthand": {
      "rotation": [ 0, -90, 25 ],
      "translation": [ 0, 3, 1 ],
      "scale": [ 0.65, 0.65, 0.65 ]
    },
    "firstperson_lefthand": {
      "rotation": [ 0, 90, -25 ],
      "translation": [ 0, 3, 1 ],
      "scale": [ 0.65, 0.65, 0.65 ]
    }
  }
}
